City,Clouds,Country,Humidity,Lat,Lon,Max Temp,Wind Speed
Quatre Cocos,40,MU,60,-20.21,57.76,71.6,16.11
Rikitea,64,PF,100,-23.12,-134.97,74.19,14.12
Kingston,20,CA,60,44.23,-76.48,78.8,12.75
Upernavik,0,GL,98,72.79,-56.15,38.64,6.06
Visp,75,CH,33,46.29,7.88,86.0,14.99
Diapaga,92,BF,60,12.07,1.79,89.94,2.71
Guerrero Negro,12,MX,90,27.97,-114.04,69.42,6.51
Safford,1,US,57,32.83,-109.71,80.6,3.49
Bambous Virieux,40,MU,60,-20.34,57.76,71.6,16.11
Aswan,0,EG,11,24.09,32.9,109.4,16.11
Cape Town,0,ZA,63,-33.93,18.42,66.2,12.75
Tres Arroyos,92,AR,100,-38.38,-60.28,45.93,25.08
Tasiilaq,75,GL,87,65.61,-37.64,42.8,8.05
Alofi,75,NU,94,-19.06,-169.92,69.8,2.24
Vaini,92,IN,98,15.34,74.49,69.69,8.75
Ariquemes,0,BR,35,-9.91,-63.03,94.26,2.59
Punta Arenas,90,CL,100,-53.16,-70.91,32.0,9.17
Leningradskiy,68,RU,83,69.38,178.42,40.89,1.14
Taltal,0,CL,85,-25.41,-70.49,57.0,7.63
Podolinec,40,SK,68,49.26,20.54,69.8,5.82
Qaanaaq,0,GL,85,77.48,-69.36,40.44,4.94
Saint-Philippe,1,CA,47,45.36,-73.48,78.8,5.82
Port Alfred,0,ZA,53,-33.59,26.89,72.75,5.5
Jamestown,64,AU,92,-33.21,138.6,38.01,3.38
Mar del Plata,12,AR,90,-46.43,-67.52,38.37,8.19
Emba,20,CY,70,34.81,32.42,86.0,8.05
Mataura,88,NZ,68,-46.19,168.86,45.93,7.74
Tual,76,ID,100,-5.67,132.75,78.51,15.01
Hamilton,20,CA,61,43.26,-79.87,84.2,13.87
Melfi,20,IT,27,41.0,15.66,91.4,14.99
Broome,0,GB,34,52.47,1.45,80.6,12.75
Provideniya,92,RU,100,64.42,-173.23,43.77,8.08
Taoudenni,0,ML,16,22.68,-3.98,111.54,4.61
Waingapu,24,ID,91,-9.65,120.26,73.56,6.62
Barrow,92,AR,100,-38.31,-60.23,45.93,25.08
Kropotkin,76,RU,71,45.43,40.58,77.16,11.43
Kodiak,1,US,69,39.95,-94.76,77.0,6.96
Nikolskoye,40,RU,65,59.7,30.79,77.0,13.42
Kapaa,90,US,78,22.08,-159.32,78.8,12.75
Kavaratti,88,IN,94,10.57,72.64,83.37,27.2
Lebu,75,ET,77,8.96,38.73,62.6,4.7
Airai,68,TL,92,-8.93,125.41,68.16,1.7
Henties Bay,20,NA,44,-22.12,14.28,77.34,2.48
Avera,90,US,78,33.19,-82.53,78.8,9.17
Martapura,20,ID,88,-3.41,114.85,78.8,8.08
Butaritari,80,KI,100,3.07,172.79,84.72,9.75
Qaqortoq,75,GL,81,60.72,-46.03,50.0,9.17
Hermanus,32,ZA,36,-34.42,19.24,69.87,6.73
Busselton,92,AU,97,-33.64,115.35,63.93,23.62
Cabo San Lucas,40,MX,51,22.89,-109.91,80.6,12.77
Ibra,8,OM,30,22.69,58.55,94.98,4.72
Ponta Delgada,40,PT,60,37.73,-25.67,73.4,13.87
Tuktoyaktuk,75,CA,70,69.44,-133.03,46.4,25.28
Moose Factory,1,CA,64,51.26,-80.61,73.4,4.7
Buraydah,0,SA,11,26.33,43.97,111.2,16.11
Loa Janan,0,ID,82,-0.58,117.09,78.96,3.6
La Palma,8,CO,71,5.36,-74.39,79.14,2.59
Santa Maria,75,BR,93,-29.69,-53.81,57.2,10.29
Ushuaia,75,AR,52,-54.81,-68.31,41.0,23.04
Hilo,75,US,83,19.71,-155.08,73.4,4.7
Kaitangata,80,NZ,73,-46.28,169.85,44.94,11.54
San Patricio,100,PY,100,-26.98,-56.83,51.6,6.4
Albany,20,US,56,42.65,-73.75,75.2,5.82
Marawi,0,PH,98,8.0,124.29,67.44,2.48
Dikson,56,RU,98,73.51,80.55,42.96,13.67
Sao Joao da Barra,0,BR,61,-21.64,-41.05,77.0,13.87
Ngunguru,32,NZ,100,-35.62,174.5,55.38,7.4
Castro,56,CL,97,-42.48,-73.76,41.97,6.96
Vila Velha,40,BR,51,-3.71,-38.6,86.0,17.22
Marystown,0,CA,85,47.17,-55.16,63.48,3.04
Tinskoy,76,RU,74,56.15,96.92,65.01,5.17
Carutapera,8,BR,71,-1.2,-46.02,87.06,9.19
Juba,40,EE,69,57.82,26.93,73.4,11.41
Mataram,68,ID,74,-5.32,105.06,79.14,3.38
Puerto Ayora,20,EC,64,-0.74,-90.35,75.2,20.8
Tatvan,0,TR,13,38.5,42.28,89.6,11.41
Seoul,0,KR,78,37.57,126.98,78.8,2.24
Hobart,20,AU,56,-42.88,147.33,44.6,12.75
Lagoa,0,PT,57,37.14,-8.45,80.6,16.11
Kudat,75,MY,88,6.89,116.84,80.6,4.7
Chuy,92,UY,100,-33.69,-53.46,53.76,16.58
Turukhansk,20,RU,55,65.8,87.96,48.99,13.56
Aykhal,36,RU,76,65.95,111.51,39.09,7.4
Birecik,40,TR,32,37.03,37.98,93.2,14.99
Mykhaylivka,0,UA,58,47.27,35.22,82.4,2.24
Bluff,12,AU,43,-23.58,149.07,61.14,10.09
Moroni,76,US,37,39.52,-111.59,73.11,1.59
Ruidoso,1,US,40,33.33,-105.67,80.6,4.7
Farah,68,AF,12,32.37,62.11,100.02,1.59
Yulara,0,AU,46,-25.24,130.99,50.0,5.82
Neftcala,80,AZ,65,39.37,49.25,86.79,15.68
Alta Floresta,0,BR,35,-9.87,-56.08,89.6,10.29
Belaya Gora,0,RU,51,68.54,146.19,60.24,12.77
Kabare,20,RW,50,-1.65,29.38,73.11,2.37
Polonnaruwa,44,LK,61,7.94,81.0,81.12,17.47
Hithadhoo,56,MV,100,-0.6,73.08,81.21,7.18
Hammerfest,0,NO,68,70.66,23.68,66.2,6.93
Damoh,44,IN,89,23.84,79.44,80.22,7.74
Kalianget,0,ID,94,-7.35,109.91,66.27,2.48
Bredasdorp,80,ZA,72,-34.53,20.04,64.4,8.05
Ribeira Grande,40,PT,61,38.52,-28.7,77.0,14.99
New Norfolk,20,AU,56,-42.78,147.06,44.6,12.75
Luderitz,0,NA,57,-26.65,15.16,65.46,6.06
Malanje,0,AO,36,-9.54,16.35,78.06,5.5
Ayan,56,TR,57,40.67,33.6,69.15,2.71
Nanortalik,56,GL,98,60.14,-45.24,40.17,15.23
Ostrovnoy,0,RU,49,68.05,39.51,77.61,15.01
Karratha,0,AU,84,-20.74,116.85,53.67,2.93
Iqaluit,5,CA,71,63.75,-68.52,57.2,25.28
Talara,0,PE,77,-4.58,-81.27,69.8,17.22
Tiksi,92,RU,76,71.64,128.87,41.97,8.41
Avarua,90,CK,88,-21.21,-159.78,69.8,25.28
Lorengau,92,PG,99,-2.02,147.27,83.1,15.68
Constitucion,5,MX,77,23.99,-104.67,60.8,3.36
Torbay,75,CA,77,47.66,-52.73,68.0,6.93
Cooma,0,AU,66,-36.24,149.13,38.1,11.43
Anadyr,75,RU,93,64.73,177.51,50.0,20.13
Mont-de-Marsan,88,FR,78,43.89,-0.5,73.4,5.82
Port Elizabeth,40,US,65,39.31,-74.98,80.6,5.82
Havre-Saint-Pierre,90,CA,77,50.23,-63.6,62.6,8.05
Jalu,0,LY,26,29.03,21.55,96.87,9.64
Panaba,0,MX,89,21.28,-88.27,83.82,4.05
Leshukonskoye,0,RU,50,64.9,45.76,76.17,6.06
Belyy Yar,0,RU,59,53.6,91.39,66.2,4.47
Bandarbeyla,0,SO,75,9.49,50.81,79.05,32.68
Santa Fe,36,AR,94,-31.62,-60.7,46.56,20.27
Noshiro,20,JP,93,40.21,140.05,72.21,3.94
Luangwa,0,MZ,48,-15.62,30.4,70.59,13.78
Vilcun,0,CL,57,-38.65,-72.23,40.62,2.93
Dalvik,0,SE,47,57.79,14.13,78.8,5.82
Yellowknife,20,CA,72,62.45,-114.38,60.8,8.05
Kieta,8,PG,100,-6.22,155.63,74.01,4.05
Pevek,0,RU,87,69.7,170.27,44.94,2.59
Pallasovka,80,RU,99,50.04,46.89,67.44,8.97
Damavand,20,IR,7,35.72,52.07,102.2,13.87
Kabwe,0,ZM,34,-14.44,28.44,67.71,14.45
Puerto del Rosario,0,ES,73,28.5,-13.86,78.8,16.11
Kununurra,0,AU,71,-15.77,128.74,57.2,2.24
Codrington,0,AU,48,-28.95,153.24,46.2,5.5
Berlevag,0,NO,93,70.86,29.09,51.8,10.29
Balkanabat,44,TM,16,39.51,54.36,105.78,3.04
Carnarvon,0,ZA,32,-30.97,22.13,57.81,12.44
Palmer,1,US,100,61.6,-149.11,53.6,5.82
Chokurdakh,24,RU,56,70.62,147.9,60.24,15.68
Norman Wells,90,CA,87,65.28,-126.83,48.2,11.41
Tocopilla,8,CL,95,-22.09,-70.2,62.31,5.61
Nanyang,32,CN,67,33.0,112.53,85.26,6.06
Tecoanapa,75,MX,78,16.99,-99.26,80.6,6.93
Xacmaz,12,AZ,72,41.46,48.81,76.8,5.61
Quesnel,90,CA,87,52.98,-122.49,51.8,3.36
Tunceli,40,TR,20,39.11,39.55,93.2,11.41
Finnsnes,75,NO,87,69.23,17.98,59.0,3.36
Half Moon Bay,90,US,93,37.46,-122.43,64.4,10.29
Trelew,0,AR,80,-43.25,-65.31,41.16,10.42
San Quintin,92,PH,94,17.54,120.52,71.13,3.04
Gigmoto,24,PH,97,13.78,124.39,84.09,18.14
Khatanga,88,RU,63,71.98,102.47,44.76,13.56
Verdikoussa,24,GR,33,39.78,21.98,91.11,3.94
Dakar,44,SN,100,14.69,-17.45,79.77,5.5
East London,0,ZA,40,-33.02,27.91,71.6,8.05
Saint-Pierre,40,FR,54,48.95,4.24,80.6,3.36
Dingle,76,PH,82,11.0,122.67,79.68,9.53
Harper,1,US,57,30.3,-99.24,80.6,10.2
Srednekolymsk,0,RU,71,67.46,153.71,45.39,2.71
Mugur-Aksy,68,RU,100,50.38,90.44,43.5,2.15
Mancora,0,PE,77,-4.1,-81.05,69.8,17.22
Georgetown,75,GY,78,6.8,-58.16,82.4,9.17
Escanaba,1,US,78,45.75,-87.06,71.6,11.41
Andilamena,88,MG,89,-17.01,48.57,59.07,9.98
Montepuez,80,MZ,40,-13.13,39.0,75.09,6.06
Hasaki,20,JP,88,35.73,140.83,80.6,8.05
Bilibino,12,RU,89,68.06,166.44,39.09,2.15
Ler,40,NO,77,63.2,10.3,66.2,3.36
Vestmannaeyjar,90,IS,100,63.44,-20.27,50.0,17.22
Byron Bay,0,AU,100,-28.65,153.62,60.8,5.82
Morondava,56,MG,64,-20.3,44.28,78.33,3.38
Labytnangi,0,RU,44,66.66,66.39,63.57,6.51
Faanui,64,PF,100,-16.48,-151.75,79.95,18.25
Novokayakent,20,RU,62,42.39,47.99,84.2,8.95
Sitka,0,US,99,37.17,-99.65,76.98,4.38
Virginia Beach,40,US,47,36.85,-75.98,84.2,10.29
Husavik,64,CA,81,50.56,-96.99,69.24,15.23
Goderich,24,CA,69,43.74,-81.71,76.35,13.22
Knysna,0,ZA,20,-34.04,23.05,77.0,8.05
Abha,75,SA,47,18.22,42.5,78.8,11.41
Mahon,75,IE,68,51.89,-8.4,69.8,8.05
Zhigansk,80,RU,63,66.77,123.37,55.56,10.54
Tura,88,IN,96,25.52,90.21,76.71,6.06
Bestobe,36,KZ,78,52.5,73.1,73.02,0.92
Ponta do Sol,0,BR,53,-20.63,-46.0,75.81,6.73
Manaure,40,CO,55,11.78,-72.45,89.6,19.46
San Ramon de la Nueva Oran,76,AR,68,-23.13,-64.33,53.94,9.64
Opuwo,8,NA,25,-18.06,13.84,72.84,12.44
Mount Isa,0,AU,45,-20.73,139.49,44.6,9.98
Hopkinsville,90,US,83,36.87,-87.49,82.4,16.11
Thompson,75,CA,67,55.74,-97.86,57.2,6.93
Moree,0,AU,73,-29.46,149.84,39.27,5.95
Bethel,1,US,100,60.79,-161.76,46.4,4.7
Santa Isabel,75,CO,65,4.71,-75.1,78.8,5.82
Omsukchan,0,RU,86,62.53,155.8,37.11,2.48
Mahebourg,40,MU,60,-20.41,57.7,71.6,16.11
Sept-Iles,90,CA,72,50.2,-66.38,64.4,5.06
Atuona,76,PF,100,-9.8,-139.03,79.32,19.71
Gumdag,12,TM,31,39.2,54.59,101.37,12.55
Mitsamiouli,20,KM,61,-11.38,43.28,80.6,13.87
Russell,0,AR,60,-33.01,-68.8,41.0,14.99
Praia da Vitoria,40,PT,88,38.73,-27.07,73.4,14.12
Osmena,68,PH,83,12.17,124.59,83.64,14.23
Nortelandia,0,BR,69,-14.45,-56.8,82.74,7.96
Omboue,0,GA,99,-1.57,9.26,73.38,14.12
Boda,8,BD,87,26.2,88.56,85.35,3.38
Davenda,36,RU,85,53.56,119.32,57.27,2.15
Flinders,0,AU,53,-34.58,150.85,50.0,17.22
Saldanha,8,PT,57,41.42,-6.55,77.61,6.4
Itoman,75,JP,88,26.12,127.67,80.6,17.22
Bathsheba,40,BB,70,13.22,-59.52,86.0,25.28
Paranaiba,0,BR,53,-19.68,-51.19,81.93,10.98
Kishi,68,NG,92,9.08,3.85,79.14,9.75
San Cristobal,75,EC,81,-0.39,-78.55,53.6,16.11
Caravelas,80,BR,100,-17.73,-39.27,73.47,10.54
Acajutla,0,SV,58,13.59,-89.83,86.0,4.7
Celinac,0,BA,38,44.72,17.33,87.8,3.36
Uarini,40,BR,88,-2.98,-65.16,80.6,3.36
Hualmay,32,PE,80,-11.1,-77.61,64.02,3.04
Okhotsk,36,RU,100,59.36,143.24,53.31,2.59
Kavieng,24,PG,100,-2.57,150.8,80.94,13.22
Cantaura,92,VE,89,9.31,-64.36,78.42,10.54
Tall Kayf,0,TR,13,37.08,41.07,98.6,11.41
Kodinsk,80,RU,65,58.6,99.18,65.64,6.4
Prince Rupert,90,CA,93,54.32,-130.32,55.4,0.58
Murray Bridge,48,AU,100,-35.12,139.28,48.36,8.41
Mariental,0,DE,28,52.28,10.99,82.4,2.24
Colares,20,PT,53,38.8,-9.45,78.8,16.11
La Gomera,40,GT,78,14.09,-91.05,82.4,4.5
Labuhan,0,ID,86,-2.54,115.51,73.92,2.48
Xai-Xai,48,MZ,94,-25.04,33.64,69.69,9.42
Bria,68,CF,72,6.54,21.99,83.01,4.5
Tecpan,40,GT,77,14.76,-90.99,66.2,11.41
Griffith,0,AU,87,-34.29,146.06,41.61,8.97
Seymchan,0,RU,87,62.93,152.39,38.91,2.48
Samarai,92,PG,99,-10.62,150.67,77.79,11.65
Benidorm,20,ES,58,38.54,-0.13,84.2,8.05
Qasigiannguit,90,GL,87,68.82,-51.19,42.8,12.75
Victoria,75,BN,83,5.28,115.24,82.4,2.24
Bien Hoa,40,VN,94,10.95,106.82,82.4,10.29
Kumano,20,JP,62,34.34,132.59,86.0,4.5
Taganak,75,PH,83,6.08,118.3,82.4,3.36
Vila Franca do Campo,40,PT,60,37.72,-25.43,73.4,14.99
Rantauprapat,92,ID,91,2.1,99.83,70.32,1.14
San Juan,90,PH,100,14.6,121.03,80.6,11.41
Saskylakh,56,RU,76,71.97,114.09,38.28,17.81
Hambantota,12,LK,92,6.12,81.12,82.02,17.58
Klaksvik,88,FO,87,62.23,-6.59,55.4,6.93
Atasu,0,KZ,43,48.68,71.64,80.22,3.38
Geraldton,75,CA,68,49.72,-86.95,68.0,3.36
Massakory,0,TD,71,13.0,15.73,91.83,5.73
Komsomolskiy,0,RU,39,67.55,63.78,66.9,5.06
Kazerun,48,IR,20,29.62,51.65,98.4,3.38
Mbalmayo,75,CM,74,3.52,11.5,78.8,3.04
Najran,75,SA,14,17.54,44.22,98.6,11.41
Marsh Harbour,8,BS,98,26.54,-77.06,84.36,15.79
Lavrentiya,92,RU,95,65.58,-170.99,43.14,7.96
Channel-Port aux Basques,0,CA,94,47.57,-59.14,58.17,8.08
Mantua,20,IT,46,45.16,10.79,91.4,6.93
Mbandaka,24,CD,49,0.05,18.26,87.96,1.92
Porto Velho,0,BR,52,-8.75,-63.87,87.8,4.7
Soyo,0,AO,59,-6.13,12.37,82.56,6.4
Adrar,0,DZ,8,27.87,-0.29,118.4,13.87
Denpasar,40,ID,83,-8.65,115.22,78.8,11.41
Sisimiut,92,GL,97,66.94,-53.67,41.97,2.93
Reconquista,8,AR,98,-29.14,-59.64,49.53,19.82
Le Mars,40,US,77,42.79,-96.17,69.8,9.17
Alice Springs,0,AU,56,-23.7,133.88,44.6,5.82
Souillac,75,FR,47,45.6,-0.6,78.8,12.75
Rylsk,36,RU,78,51.57,34.68,78.06,6.06
Nador,0,MA,28,35.17,-2.93,93.2,19.46
Lamu,44,ID,100,0.57,122.3,73.2,1.92
Bonthe,92,SL,97,7.53,-12.5,77.16,3.15
Rome,0,IT,43,41.89,12.48,89.6,8.05
Panzhihua,56,CN,76,26.59,101.72,68.97,1.03
Huarmey,0,PE,70,-10.07,-78.15,65.82,3.71
Festus,20,US,65,38.22,-90.4,82.4,3.36
Tuatapere,8,NZ,81,-46.13,167.69,54.3,18.14
Enshi,36,CN,83,30.29,109.48,73.74,1.59
Vardo,1,US,57,39.62,-77.74,78.8,6.93
Mackay,90,CA,100,53.65,-115.58,57.2,8.05
Talcahuano,0,CL,100,-36.72,-73.12,35.6,6.93
Stefan cel Mare,40,RO,54,46.98,26.52,80.6,4.7
Barra da Estiva,100,BR,97,-13.63,-41.33,66.72,6.4
Ambulu,92,ID,98,-8.35,113.61,74.82,5.17
Pochutla,75,MX,54,15.74,-96.47,80.6,3.15
Saurimo,0,AO,25,-9.66,20.4,80.22,5.06
Yerbogachen,76,RU,53,61.28,108.01,66.81,6.62
Naryan-Mar,0,RU,59,67.67,53.09,67.71,4.38
Chaumont,40,FR,47,48.11,5.14,80.6,4.7
Inta,0,RU,68,66.04,60.13,68.07,2.37
Vanderhoof,92,CA,100,54.02,-124.02,47.64,6.4
Lagos,75,NG,88,6.46,3.39,78.8,10.29
Uray,0,RU,46,60.13,64.8,67.71,9.75
Arrifes,40,PT,60,37.77,-25.7,73.4,14.99
Santa Cruz,1,US,87,36.97,-122.03,62.6,2.93
Bodden Town,40,KY,74,19.28,-81.25,87.8,6.93
Port Blair,88,IN,99,11.67,92.75,82.47,26.53
Muros,40,ES,64,42.77,-9.06,69.8,16.11
Sao Filipe,12,CV,89,14.9,-24.5,79.32,0.69
San Rafael,0,AR,49,-34.61,-68.33,40.26,4.5
Inirida,68,CO,92,3.87,-67.92,75.81,1.92
Kruisfontein,8,ZA,47,-34.0,24.73,70.59,1.48
Progreso,90,UY,87,-34.68,-56.22,48.2,12.75
Myanaung,92,MM,99,18.28,95.32,77.61,7.07
Benghazi,20,LY,48,32.12,20.07,86.0,20.8
Bertoua,32,CM,81,4.58,13.68,79.41,5.61
Sechura,0,PE,83,-5.56,-80.82,68.07,11.65
Nioro,24,GM,74,13.79,-15.05,90.12,4.94
Severo-Kurilsk,92,RU,93,50.68,156.12,52.86,4.16
San Andres,32,PH,97,13.32,122.68,84.45,22.73
Senneterre,40,CA,47,48.39,-77.24,75.2,4.7
Bandar-e Lengeh,92,IR,59,26.56,54.88,95.0,11.41
Port Jervis,1,US,69,41.38,-74.69,75.2,3.15
Marfino,40,RU,78,56.07,37.56,77.0,17.9
Haines Junction,64,CA,52,60.75,-137.51,49.44,2.48
Mehamn,0,NO,93,71.03,27.85,51.8,10.29
Vuktyl,0,RU,40,63.86,57.31,73.29,4.16
Te Anau,48,NZ,73,-45.41,167.72,47.64,13.22
Namibe,0,AO,95,-15.19,12.15,69.51,7.52
Antofagasta,20,CL,71,-23.65,-70.4,57.2,16.11
Merrill,1,US,76,42.03,-121.6,53.6,3.6
Bozoum,92,CF,85,6.31,16.38,73.56,8.52
Shar,80,NG,79,7.3,8.73,79.23,10.2
Ust-Nera,0,RU,86,64.57,143.24,42.42,1.92
Borova,40,UA,57,50.18,30.1,78.8,11.18
Westport,75,IE,93,53.8,-9.52,59.0,9.17
San Luis,0,AR,58,-33.3,-66.34,42.51,7.18
Tsirguliina,40,EE,69,57.86,26.19,73.4,11.41
Mandera,88,ET,43,3.94,41.86,85.08,14.12
Socorro,88,PH,100,13.06,121.41,75.27,2.93
Luwuk,36,ID,99,-0.95,122.79,76.89,5.06
Guasdualito,76,VE,86,7.24,-70.73,80.85,8.97
Saint George,20,GR,33,39.45,22.34,89.6,10.29
Shahreza,0,IR,12,32.01,51.87,83.19,5.39
Verkhniy Avzyan,8,RU,86,53.53,57.54,69.24,4.94
Ayagoz,0,KZ,35,47.96,80.43,71.22,13.22
Kawalu,88,ID,96,-7.38,108.21,66.36,2.48
Ancud,68,CL,85,-41.87,-73.83,43.68,5.95
Vrangel,80,RU,91,42.73,133.08,64.29,5.06
Plettenberg Bay,8,ZA,75,-34.05,23.37,70.05,2.48
Egvekinot,92,RU,100,66.32,-179.17,44.85,2.71
Shenzhen,20,CN,74,22.54,114.05,84.2,5.82
Viedma,92,AR,96,-40.81,-62.99,45.12,26.08
Aberdeen,1,US,82,45.47,-98.49,68.0,6.93
Chapais,1,CA,56,49.78,-74.86,73.4,11.41
Pacific Grove,1,US,87,36.62,-121.92,60.8,1.03
Prieska,0,ZA,27,-29.67,22.74,64.65,8.97
Saint Marys,1,US,68,41.43,-78.56,73.4,6.93
Copiapo,0,CL,53,-27.37,-70.33,51.8,17.22
Sumenep,0,ID,93,-7.02,113.87,81.39,13.11
Vostochnyy,40,RU,78,55.82,37.87,77.0,17.9
Touros,76,BR,77,-5.2,-35.46,80.85,16.46
Igarka,0,RU,51,67.47,86.57,49.44,14.56
Itarema,0,BR,55,-2.92,-39.92,86.25,14.67
Kenai,90,US,87,60.55,-151.26,50.0,11.41
Bousse,0,FR,37,49.28,6.2,82.4,9.17
Malindi,75,KE,78,-3.22,40.12,78.8,16.11
Edmundston,1,CA,53,47.36,-68.33,75.2,5.82
Nelson Bay,0,AU,53,-32.72,152.14,50.0,17.22
Dir,76,CM,91,6.33,13.54,74.37,4.5
Alcantara,56,PH,91,9.97,123.41,82.92,11.65
Paramonga,80,PE,100,-10.68,-77.82,61.41,8.75
Mountain Home,1,US,32,43.13,-115.69,68.0,4.7
La Romana,75,DO,79,18.43,-68.97,86.0,11.41
Bowen,44,AU,82,-20.01,148.25,64.4,5.82
Tilichiki,92,RU,100,60.47,166.1,48.9,4.61
Nagod,64,IN,82,24.57,80.59,83.46,8.41
Freeport,75,BS,83,26.54,-78.7,84.2,3.36
Salalah,90,OM,88,17.01,54.1,78.8,10.29
Port Lincoln,92,AU,100,-34.72,135.86,53.13,8.08
Arraial do Cabo,0,BR,65,-22.97,-42.02,78.8,20.8
Dubai,0,AE,31,25.27,55.3,102.2,9.17
Howard Springs,0,AU,73,-12.5,131.05,75.2,3.36
Talnakh,0,RU,68,69.49,88.39,44.76,7.63
Kunya,40,NG,66,12.22,8.53,86.0,6.93
Bilma,8,NE,11,18.69,12.92,104.61,4.61
Kloulklubed,90,PW,83,7.04,134.26,84.2,10.29
Kuryk,0,KZ,48,43.18,51.68,92.55,11.43
Lafia,92,NG,93,8.5,8.51,77.61,8.08
Selty,80,RU,57,57.31,52.14,73.56,11.21
Carballo,40,ES,64,43.21,-8.69,71.6,16.11
Tubuala,40,PA,70,9.52,-79.03,86.0,4.7
Fort Smith,1,US,58,35.39,-94.42,93.2,5.17
Yeppoon,40,AU,82,-23.13,150.74,66.2,5.82
Kaeo,36,NZ,73,-35.1,173.78,37.56,2.48
Lompoc,75,US,100,34.64,-120.46,60.8,3.36
Goundi,80,TD,75,9.36,17.37,82.47,7.18
Marrakesh,75,MA,25,31.63,-7.99,96.8,3.36
Shache,92,CN,36,38.42,77.24,87.69,4.5
Suhbaatar,36,MN,89,50.23,106.21,62.49,1.36
Gillette,1,US,53,44.29,-105.5,71.6,9.17
Portland,75,US,71,45.52,-122.67,55.4,3.04
Poum,40,MK,44,41.28,20.71,80.6,5.82
Mayo,90,CA,87,63.59,-135.9,53.6,2.24
Kudahuvadhoo,80,MV,100,2.67,72.89,81.12,15.23
Sorland,0,NO,77,67.67,12.69,62.6,13.87
Abnub,0,EG,23,27.27,31.15,96.8,14.99
Sambava,80,MG,100,-14.27,50.17,72.21,14.0
Lexington,75,US,83,38.05,-84.5,78.8,18.34
Yumaguzino,76,RU,79,52.9,56.39,72.57,3.04
Vengerovo,64,RU,49,55.68,76.74,70.86,9.08
Deputatskiy,56,RU,71,69.3,139.9,56.1,3.94
Narsaq,75,GL,81,60.91,-46.05,50.0,9.17
Hofn,90,IS,87,64.25,-15.21,51.8,4.7
Synya,0,RU,63,65.37,58.04,70.77,2.71
Katsuura,12,JP,85,33.93,134.5,79.86,8.19
Gurupi,0,BR,72,-11.73,-49.07,80.58,11.99
Kapit,56,MY,94,2.02,112.94,73.65,2.15
Biak,36,ID,99,-0.91,122.88,76.89,5.06
Cidreira,76,BR,76,-30.17,-50.22,79.14,10.76
Sicuani,0,PE,47,-14.27,-71.23,46.11,3.04
Worcester,0,GB,36,52.19,-2.22,80.6,5.82
Arman,90,RU,100,59.7,150.17,46.4,2.24
Ponazyrevo,80,RU,74,58.36,46.31,72.12,8.41
Kirakira,92,SB,100,-10.46,161.92,74.55,10.09
Oktyabrskoye,0,RU,57,56.73,85.44,62.85,5.39
Gizo,40,IL,55,31.8,34.94,86.0,13.87
Rockport,75,US,74,28.02,-97.05,86.0,16.11
Ossora,100,RU,100,59.24,163.07,49.71,3.6
Inhambane,40,MZ,60,-23.87,35.38,73.4,12.75
Chigasaki,20,JP,83,35.33,139.41,82.4,14.99
Muli,92,IN,78,22.62,71.45,82.47,13.67
Fairbanks,90,US,93,64.84,-147.72,55.4,3.36
Baglung,20,NP,94,28.27,83.59,63.3,2.93
Przeworsk,40,PL,82,50.06,22.49,68.0,9.17
Kandrian,92,PG,97,-6.21,149.55,75.09,6.17
Pouebo,8,NC,94,-20.4,164.57,62.22,5.17
Voh,0,NC,100,-20.95,164.69,67.62,8.52
Pascagoula,40,US,94,30.37,-88.56,82.4,4.05
Marienburg,0,DE,30,52.12,9.98,84.2,8.05
Lasa,20,CY,70,34.92,32.53,86.0,8.05
Naze,75,NG,78,5.43,7.07,82.4,10.29
Moron,20,VE,74,10.49,-68.2,82.4,2.93
Charters Towers,8,AU,70,-20.07,146.27,55.47,6.73
Huilong,0,CN,84,28.89,110.18,79.59,2.04
Tulun,92,RU,98,54.56,100.58,57.63,7.07
Borgarnes,90,IS,81,64.54,-21.92,51.8,18.34
Mahajanga,20,MG,61,-15.72,46.32,77.0,4.7
Vetovo,0,HR,38,45.42,17.79,87.8,3.36
Doha,0,QA,37,25.29,51.53,102.2,6.93
Mjolby,0,SE,35,58.33,15.12,84.2,9.17
Obo,48,CF,91,5.39,26.49,75.99,4.72
Shebalino,36,RU,62,51.29,85.68,52.95,2.15
Tessalit,12,ML,11,20.2,1.01,108.57,15.01
Ituango,48,CO,90,7.17,-75.76,71.94,1.92
Peace River,90,CA,93,56.23,-117.29,57.2,6.93
Aklavik,75,CA,81,68.22,-135.01,46.4,8.05
Palu,8,ID,92,-0.9,119.87,65.64,1.36
Ahipara,20,NZ,100,-35.17,173.16,42.69,4.5
Bathurst,92,AU,87,-33.42,149.58,36.84,7.74
Faya,75,SA,47,18.39,42.45,78.8,11.41
Calderara di Reno,20,IT,44,44.56,11.27,93.2,5.82
Nhulunbuy,8,AU,83,-12.18,136.78,75.2,8.05
Rapid Valley,40,US,68,44.06,-103.15,71.6,3.71
Atar,0,MR,14,20.52,-13.05,108.57,5.06
Madang,92,PG,100,-5.21,145.81,74.37,0.47
Alberton,0,ZA,31,-26.25,28.13,60.8,6.93
Grindavik,75,IS,100,63.84,-22.43,51.8,28.86
Kahului,1,US,83,20.89,-156.47,75.2,16.11
Beringovskiy,80,RU,100,63.05,179.32,46.92,11.21
Liling,0,CN,59,27.65,113.49,89.6,4.47
Nara,75,JP,79,34.68,135.8,84.2,6.93
Alta,20,NO,60,69.97,23.27,69.8,8.05
Priargunsk,68,RU,80,50.37,119.09,70.41,6.06
Tacuati,32,PY,60,-23.46,-56.74,78.96,5.61
Pangnirtung,5,CA,75,66.15,-65.72,46.4,14.99
Caloundra,0,AU,38,-26.8,153.14,59.0,13.87
Ust-Ilimsk,92,RU,76,57.96,102.73,64.38,3.6
Spartanburg,40,US,78,34.95,-81.93,77.0,5.82
Nome,90,US,74,30.04,-94.42,86.0,9.17
Marzuq,56,YE,17,14.4,46.47,91.2,4.38
Spearfish,1,US,72,44.49,-103.86,69.8,6.93
Salta,90,AR,80,-24.79,-65.41,46.4,6.93
Longyearbyen,75,NO,87,78.22,15.63,46.4,9.17
Siderno,20,IT,62,38.28,16.3,87.8,6.93
Kamenka,64,RU,59,53.19,44.05,80.04,7.4
Makakilo City,75,US,83,21.35,-158.09,78.8,8.41
Rawson,0,AR,80,-43.3,-65.11,41.16,10.42
Lima,12,PE,59,-12.06,-77.04,66.36,1.14
Rivera,92,UY,100,-30.9,-55.54,46.92,13.78
Ilulissat,90,GL,87,69.22,-51.1,42.8,12.75
Broken Hill,0,AU,88,-31.97,141.45,35.22,2.93
Sola,0,NO,60,58.89,5.65,68.0,10.29
Isangel,100,VU,100,-19.55,169.27,72.84,10.76
Lazaro Cardenas,75,MX,52,28.39,-105.62,69.8,4.7
Salinopolis,0,BR,88,-0.61,-47.36,84.72,14.0
Mogadishu,40,SO,83,2.04,45.34,78.8,16.11
Muisne,100,EC,85,0.61,-80.02,75.63,4.16
Tezu,0,IN,81,27.93,96.16,74.91,1.92
Comodoro Rivadavia,0,AR,69,-45.87,-67.48,39.2,4.7
Pundaguitan,12,PH,98,6.37,126.17,84.9,9.64
Cacequi,100,BR,100,-29.88,-54.83,53.31,15.46
Normandin,20,CA,50,48.84,-72.53,78.8,6.93
Westerland,90,NL,64,52.89,4.93,77.0,12.75
Fort Nelson,75,CA,93,58.81,-122.69,53.6,2.24
Paita,0,PE,77,-5.09,-81.11,69.8,17.22
Talas,40,TR,23,38.69,35.55,82.4,10.29
Carbonia,0,IT,74,39.17,8.53,89.6,14.99
Cherskiy,0,RU,75,68.75,161.3,40.08,2.37
Bandiagara,8,ML,100,14.35,-3.61,83.01,4.05
Fenelon Falls,1,CA,65,44.54,-78.74,77.0,3.36
Sawakin,40,SD,28,19.1,37.33,104.0,6.93
Esperance,20,TT,62,10.24,-61.45,87.8,19.46
Manokwari,56,ID,100,-0.87,134.08,80.31,2.15
Teguise,20,ES,61,29.06,-13.56,78.8,27.51
Erenhot,80,CN,75,43.65,111.97,73.83,8.41
Pisco,90,PE,82,-13.71,-76.2,64.4,3.36
Soubre,64,CI,95,5.79,-6.61,79.95,4.72
Katangli,92,RU,97,51.71,143.23,51.87,5.61
Aksarka,8,RU,40,66.56,67.8,64.74,4.05
Sinnamary,32,GF,94,5.38,-52.96,82.29,9.98
Muhos,0,FI,25,64.81,26.0,87.8,10.29
Gladstone,92,AU,97,-23.84,151.26,59.07,4.61
Gat,56,SN,74,14.69,-16.54,86.16,7.4
Zyryanka,0,RU,62,65.73,150.89,52.05,7.07
Lafiagi,76,NG,91,8.85,5.42,83.01,7.74
Edd,8,ER,32,13.93,41.69,96.24,11.1
Pokhara,8,NP,71,28.21,83.99,65.82,4.05
Lircay,75,PE,76,-12.99,-74.72,53.6,3.04
Belton,1,US,74,31.06,-97.46,87.8,10.29
Takoradi,76,GH,97,4.89,-1.75,76.35,9.08
Jishou,0,CN,87,28.26,109.7,79.86,2.48
Puerto Madero,90,AR,87,-34.61,-58.36,46.4,9.17
Dolores,56,AR,100,-36.31,-57.68,48.72,17.02
Magadan,90,RU,100,59.56,150.8,46.4,2.24
Bolitoc,92,PH,100,15.74,119.88,74.19,5.73
Mundo Nuevo,0,CL,65,-32.72,-71.41,48.2,5.82
Margate,20,AU,56,-43.03,147.26,44.6,12.75
Alexandria,1,US,78,31.31,-92.44,84.2,6.93
Yerofey Pavlovich,20,RU,85,53.97,121.97,59.52,2.48
Gaur,12,NP,70,26.77,85.27,89.04,4.16
Mullingar,75,IE,77,53.53,-7.34,69.8,12.75
Tripoli,20,GR,35,37.51,22.37,87.8,10.29
Sandpoint,1,US,45,48.28,-116.55,64.4,5.82
Pinan,36,SE,47,58.68,11.65,80.6,9.17
Cairns,20,AU,94,-16.92,145.77,68.0,5.61
Kyrylivka,56,UA,72,47.32,37.67,76.98,7.07
Saint-Francois,36,FR,83,46.42,3.91,69.8,2.24
Palana,100,RU,95,59.08,159.95,50.61,2.71
Cayenne,75,GF,66,4.94,-52.33,86.0,8.05
Rancho Palos Verdes,40,US,78,33.75,-118.37,71.6,3.36
Kulhudhuffushi,48,MV,100,6.62,73.07,80.58,19.04
Shubarshi,32,KZ,42,48.59,57.19,81.93,18.81
Clyde River,90,CA,93,70.47,-68.59,41.0,17.22
Emilio Carranza,0,MX,68,19.97,-96.61,82.74,4.61
Heinola,0,FI,65,61.2,26.03,77.0,1.12
Umm Lajj,0,SA,59,25.02,37.27,93.36,6.4
Meadow Lake,90,CA,100,54.13,-108.44,60.8,4.7
Kaspiyskiy,8,RU,52,45.39,47.37,90.21,9.75
Nantucket,1,US,73,41.28,-70.1,78.8,9.17
Erzin,40,TR,52,36.95,36.2,91.4,13.87
Nampula,40,MZ,56,-15.12,39.26,73.4,9.17
Kalcheva,24,UA,70,45.73,28.81,80.13,10.2
Belmonte,0,PT,60,40.36,-7.35,78.15,5.61
Tiznit,0,MA,86,29.7,-9.73,79.32,5.17
Bad Bevensen,75,DE,36,53.08,10.57,78.8,6.93
